{
  "serializers": {
    "pickle": 2.5597410619993752,
    "json": 12.722073619999719
  }
}
